,cgan_dloss,cgan_gloss
0,1.3768235445022583,0.7948323488235474
